<?xml version="1.0" encoding="utf-8"?>
<!-- Copyright (C) 2014 The CyanogenMod Project (Esa Laukkanen)

     Licensed under the Apache License, Version 2.0 (the "License");
     you may not use this file except in compliance with the License.
     You may obtain a copy of the License at

          http://www.apache.org/licenses/LICENSE-2.0

     Unless required by applicable law or agreed to in writing, software
     distributed under the License is distributed on an "AS IS" BASIS,
     WITHOUT WARRANTIES OR CONDITIONS OF ANY KIND, either express or implied.
     See the License for the specific language governing permissions and
     limitations under the License.
-->

<resources>
    <version> 1 </version>

    <!--
        <iconmask img1="icon_mask"/>
        <iconupon img1="icon_border"/>
    -->
         
    <!--
        <iconback img1="icon_back1" img2="icon_back2" img3="icon_back3" img4="icon_back4" img5="icon_back5" />
        <iconback img6="icon_back6" img7="icon_back7" img8="icon_back8" img9="icon_back9" img10="icon_back10" /> 
    -->
    <iconback img1="icon_back" />
     <scale factor="0.92" />
     
    <item component="ComponentInfo{com.cleanmaster.mguard/com.keniu.security.main.MainActivity}" drawable="cleanmaster" />
    <item component="ComponentInfo{org.telegram.messenger/org.telegram.ui.LaunchActivity}" drawable="telegram" />
    <item component="ComponentInfo{com.android.vending/com.android.vending.AssetBrowserActivity}" drawable="playstore" />
    <item component="ComponentInfo{com.google.android.GoogleCamera/com.android.camera.CameraLauncher}" drawable="googlecamera" />
    <item component="ComponentInfo{pl.solidexplorer/pl.solidexplorer.SolidExplorer}" drawable="solidexplorer" />
    <item component="ComponentInfo{uk.amazon.mShop.android/com.amazon.mShop.home.HomeActivity}" drawable="amazon" />
    <item component="ComponentInfo{com.cyngn.theme.store/com.cyngn.theme.store.StoreActivity}" drawable="theme_showcase" />
    <item component="ComponentInfo{com.amazon.venezia/com.amazon.venezia.Venezia}" drawable="amazon_appstore" />    
    <item component="ComponentInfo{com.ebay.mobile/com.ebay.mobile.activities.eBay}" drawable="ebay" />
    <item component="ComponentInfo{com.cyngn.screencast/com.cyngn.screencast.MainActivity}" drawable="screencast" />
    <item component="ComponentInfo{com.dropbox.android/com.dropbox.android.activity.DropboxBrowser}" drawable="dropbox" />
    <item component="ComponentInfo{com.whatsapp/com.whatsapp.Main}" drawable="whatsapp" />
    <item component="ComponentInfo{com.speedsoftware.rootexplorer/com.speedsoftware.rootexplorer.RootExplorer}" drawable="rootexplorer" />
    <item component="ComponentInfo{com.speedsoftware.rootexplorer/com.speedsoftware.rootexplorer.ApplanetActivity}" drawable="rootexplorer" />
    <item component="ComponentInfo{com.speedsoftware.rootexplorer/com.speedsoftware.rootexplorer.DefaultActivity}" drawable="rootexplorer" />
    <item component="ComponentInfo{com.speedsoftware.explorer/com.speedsoftware.explorer.Explorer}" drawable="rootexplorer" />
    <item component="ComponentInfo{com.quoord.tapatalkpro.activity/com.quoord.tapatalkpro.activity.directory.ics.IcsEntryActivity}" drawable="tapatalk" />    
    <item component="ComponentInfo{it.sky.anywhere/it.sky.anywhere.SkyAnywhere}" drawable="sky_go" />    
    <item component="ComponentInfo{org.cyanogenmod.audiofx/org.cyanogenmod.audiofx.ActivityMusic}" drawable="audiofx" />    
    <item component="ComponentInfo{ch.smalltech.ledflashlight.free/ch.smalltech.ledflashlight.free.HomeFree}" drawable="torch" />
    <item component="ComponentInfo{com.android.alarmclock/com.android.alarmclock.AlarmClock}" drawable="clock" />
    <item component="ComponentInfo{com.bel.android.dspmanager/com.bel.android.dspmanager.activity.DSPManager}" drawable="dsp" />
    <item component="ComponentInfo{com.android.browser/com.android.browser.BaiduShortcutActivity}" drawable="browser" />
    <item component="ComponentInfo{com.android.browser/com.android.browser.Browser9130MainView}" drawable="browser" />
    <item component="ComponentInfo{com.android.browser/com.android.browser.BrowserActivity}" drawable="browser" />
    <item component="ComponentInfo{com.android.browser/com.android.browser.BrowserDownloadPage}" drawable="browser" />
    <item component="ComponentInfo{com.android.browser/com.android.browser.BrowserLauncher}" drawable="browser" />
    <item component="ComponentInfo{com.android.browser/com.android.browser.CombinedBookmarkHistoryActivity}" drawable="browser" />
    <item component="ComponentInfo{com.android.browser/com.android.browser.LoginBrowserActivity}" drawable="browser" />
    <item component="ComponentInfo{com.android.browser/com.android.browser.MonternetLauncherActivity}" drawable="browser" />
    <item component="ComponentInfo{com.android.browser/com.android.browser.ui.BrowserActivity}" drawable="browser" />
    <item component="ComponentInfo{com.android.browser/com.android.browser.WoActivity}" drawable="browser" />
    <item component="ComponentInfo{com.android.browser/com.android.browser.WoHallActivity}" drawable="browser" />
    <item component="ComponentInfo{com.android.browser/com.yulong.android.browser.BrowserStartPage}" drawable="browser" />
    <item component="ComponentInfo{jackpal.androidterm2/jackpal.androidterm2.Term}" drawable="terminal" />
    <item component="ComponentInfo{jackpal.androidterm/jackpal.androidterm.Term}" drawable="terminal" />
    <item component="ComponentInfo{com.android.calculator2/com.android.calculator2.Calculator}" drawable="calculator" />
    <item component="ComponentInfo{com.keramidas.TitaniumBackup/com.keramidas.TitaniumBackup.MainActivity}" drawable="titanium" />
    <item component="ComponentInfo{com.android.calendar/com.android.calendar.AgendaActivity}" drawable="calendar" />
    <item component="ComponentInfo{com.android.calendar/com.android.calendar.AllInOneActivity}" drawable="calendar" />
    <item component="ComponentInfo{com.android.calendar/com.android.calendar.CalendarTabActivity}" drawable="calendar" />
    <item component="ComponentInfo{com.android.calendar/com.android.calendar.ChooserActivity}" drawable="calendar" />
    <item component="ComponentInfo{com.android.calendar/com.android.calendar.EditEventActivity}" drawable="calendar" />
    <item component="ComponentInfo{com.android.calendar/com.android.calendar.EventInfoActivity}" drawable="calendar" />
    <item component="ComponentInfo{com.android.calendar/com.android.calendar.LaunchActivity}" drawable="calendar" />
    <item component="ComponentInfo{com.android.calendar/com.android.calendar.MonthActivity}" drawable="calendar" />
    <item component="ComponentInfo{com.android.calendar/com.android.calendar.timeline.EventListWithStartTime}" drawable="calendar" />
    <item component="ComponentInfo{com.android.camera/com.android.camera.CamcorderEntry}" drawable="camcorder" />
    <item component="ComponentInfo{com.android.camera/com.android.camera.GalleryPicker}" drawable="gallery" />
    <item component="ComponentInfo{com.android.camera/com.android.camera.VideoCamera}" drawable="camcorder" />
    <item component="ComponentInfo{com.android.chrome/com.android.chrome.Main}" drawable="chrome" />
    <item component="ComponentInfo{com.android.chrome/com.google.android.apps.chrome.Main}" drawable="chrome" />
    <item component="ComponentInfo{com.android.contacts/com.android.contacts.activities.CallLogActivity}" drawable="phone" />
    <item component="ComponentInfo{de.robv.android.xposed.installer/de.robv.android.xposed.installer.WelcomeActivity}" drawable="xposed" />
    <item component="ComponentInfo{com.box.android/com.box.android.activities.phone.MainPhone}" drawable="box" />
    <item component="ComponentInfo{com.box.android/com.box.android.activities.tablet.MainTablet}" drawable="box" />
    <item component="ComponentInfo{com.box.android/com.box.android.activities.phone.MainFromWidgetPhone}" drawable="box" />
    <item component="ComponentInfo{com.box.android/com.box.android.widget.FileActionsDialogActivity}" drawable="box" />
    <item component="ComponentInfo{com.box.android/com.box.android.widget.FolderActionsDialogActivity}" drawable="box" />
    <item component="ComponentInfo{com.box.android/com.box.android.activities.SplashScreenActivity}" drawable="box" />
    <item component="ComponentInfo{com.android.contacts/com.android.contacts.activities.ContactsFrontDoor}" drawable="contacts" />
    <item component="ComponentInfo{com.android.contacts/com.android.contacts.activities.ContactTabBrowserActivity}" drawable="contacts" />
    <item component="ComponentInfo{com.android.contacts/com.android.contacts.activities.DialtactsActivity}" drawable="phone" />
    <item component="ComponentInfo{com.android.contacts/com.android.contacts.activities.PCUDialtactsActivity}" drawable="phone" />
    <item component="ComponentInfo{com.android.contacts/com.android.contacts.activities.PeopleActivity}" drawable="contacts" />
    <item component="ComponentInfo{com.android.contacts/com.android.contacts.activities.PhoneFrontDoor}" drawable="contacts" />
    <item component="ComponentInfo{com.android.contacts/com.android.contacts.activities.TwelveKeyDialer}" drawable="contacts" />
    <item component="ComponentInfo{com.android.contacts/com.android.contacts.activities.TwelveKeyDialer}" drawable="phone" />
    <item component="ComponentInfo{com.android.contacts/com.android.contacts.BaiJiaXingActivity}" drawable="contacts" />
    <item component="ComponentInfo{com.android.contacts/com.android.contacts.BbDialtactsMainFrameActivity}" drawable="contacts" />
    <item component="ComponentInfo{com.android.contacts/com.android.contacts.CallDialtactsActivity}" drawable="phone" />
    <item component="ComponentInfo{com.android.contacts/com.android.contacts.CallLogActivity}" drawable="phone" />
    <item component="ComponentInfo{com.android.contacts/com.android.contacts.CallLog}" drawable="phone" />
    <item component="ComponentInfo{com.android.contacts/com.android.contacts.CallLogShortcut}" drawable="phone2" />
    <item component="ComponentInfo{com.android.contacts/com.android.contacts.ContactHostActivity}" drawable="contacts" />
    <item component="ComponentInfo{com.android.contacts/com.android.contacts.ContactsActivity}" drawable="contacts" />
    <item component="ComponentInfo{com.android.contacts/com.android.contacts.ContactsListActivity}" drawable="contacts" />
    <item component="ComponentInfo{com.android.contacts/com.android.contacts.ContactsListActivityEx}" drawable="contacts" />
    <item component="ComponentInfo{com.android.contacts/com.android.contacts.ContactsListActivityLauncher}" drawable="contacts" />
    <item component="ComponentInfo{com.android.contacts/com.android.contacts.ContactsMainFromHomeActivity}" drawable="contacts" />
    <item component="ComponentInfo{com.android.contacts/com.android.contacts.DialerActivity}" drawable="phone" />
    <item component="ComponentInfo{com.android.contacts/com.android.contacts.dialer.DialerPhoneActivity}" drawable="phone" />
    <item component="ComponentInfo{com.android.contacts/com.android.contacts.DialtactsActivity}" drawable="phone" />
    <item component="ComponentInfo{com.android.contacts/com.android.contacts.DialtactsCallListEntryActivity}" drawable="contacts" />
    <item component="ComponentInfo{com.android.contacts/com.android.contacts.DialtactsCallLogActivity}" drawable="phone" />
    <item component="ComponentInfo{com.android.contacts/com.android.contacts.DialtactsCallLogEntryActivity}" drawable="contacts" />
    <item component="ComponentInfo{com.android.contacts/com.android.contacts.DialtactsCallsEntryActivity}" drawable="contacts" />
    <item component="ComponentInfo{com.android.contacts/com.android.contacts.DialtactsContactsEntryActivity}" drawable="contacts" />
    <item component="ComponentInfo{com.android.contacts/com.android.contacts.DialtactsDialerEntryActivity}" drawable="phone" />
    <item component="ComponentInfo{com.android.contacts/com.android.contacts.DialtactsEntryActivity}" drawable="contacts" />
    <item component="ComponentInfo{com.android.contacts/com.android.contacts.DialtactsPhoneEntryActivity}" drawable="contacts" />
    <item component="ComponentInfo{com.android.contacts/com.android.contacts.DialtactsRecentCallEntryActivity}" drawable="contacts" />
    <item component="ComponentInfo{com.android.contacts/com.android.contacts.DialtactsRecentCallsEntryActivity}" drawable="contacts" />
    <item component="ComponentInfo{com.android.contacts/com.android.contacts.DialtactsRecentCallsListActivity}" drawable="contacts" />
    <item component="ComponentInfo{com.android.contacts/com.android.contacts.DialtactsRecentEntryActivity}" drawable="contacts" />
    <item component="ComponentInfo{com.android.contacts/com.android.contacts.PhoneContactsActivity}" drawable="phone" />
    <item component="ComponentInfo{com.android.contacts/com.android.contacts.PhoneDialtactsActivity}" drawable="phone" />
    <item component="ComponentInfo{com.android.contacts/com.android.contacts.RecentCallLogLaunchActivity}" drawable="contacts" />
    <item component="ComponentInfo{com.android.contacts/com.android.contacts.RecentCallsEntryActivity}" drawable="contacts" />
    <item component="ComponentInfo{com.android.contacts/com.android.contacts.RecentCallsLauncherActivity}" drawable="phone" />
    <item component="ComponentInfo{com.android.contacts/com.android.contacts.SmartDailerActivity}" drawable="contacts" />
    <item component="ComponentInfo{com.android.contacts/com.android.contacts.SmartDialerActivity}" drawable="phone" />
    <item component="ComponentInfo{com.android.contacts/com.android.contacts.SmartDialerListActivity}" drawable="contacts" />
    <item component="ComponentInfo{com.android.contacts/com.android.contacts.tmo.LaunchCommunityActivity}" drawable="contacts" />
    <item component="ComponentInfo{com.android.contacts/com.android.contacts.TransparentActivity}" drawable="contacts" />
    <item component="ComponentInfo{com.android.contacts/com.android.contacts.TwelveKeyDialer}" drawable="phone" />
    <item component="ComponentInfo{com.android.contacts/com.oppo.contacts.OppoDialtactsActivity}" drawable="phone" />
    <item component="ComponentInfo{com.android.contacts/com.sec.android.app.contacts.ContactsEntryActivity}" drawable="contacts" />
    <item component="ComponentInfo{com.android.contacts/com.sec.android.app.contacts.DialerEntryActivity}" drawable="contacts" />
    <item component="ComponentInfo{com.android.contacts/com.sec.android.app.contacts.DialerEntryActivity}" drawable="phone" />
    <item component="ComponentInfo{com.android.contacts/com.sec.android.app.contacts.PhoneBookSplitTopMenuActivity}" drawable="contacts" />
    <item component="ComponentInfo{com.android.contacts/com.sec.android.app.contacts.PhoneBookTopMenuActivity}" drawable="contacts" />
    <item component="ComponentInfo{com.android.contacts/com.sec.android.app.contacts.RecntcallEntryActivity}" drawable="contacts" />
    <item component="ComponentInfo{com.android.deskclock/com.android.deskclock.DeskClock}" drawable="clock" />
    <item component="ComponentInfo{com.android.development/com.android.development.Development}" drawable="devtools" />
    <item component="ComponentInfo{com.android.dialer/com_android_dialer_dialtactsactivity}" drawable="phone" />
    <item component="ComponentInfo{com.android.dialer/com.android.dialer.DialtactsActivity}" drawable="phone" />
    <item component="ComponentInfo{com.android.dialer/com.android.dialer.PhoneContactsActivity}" drawable="phone" />
    <item component="ComponentInfo{com.android.email/com.android.email.activity.Welcome}" drawable="email" />
    <item component="ComponentInfo{com.android.gallery3d/com.android.gallery3d.app.Gallery}" drawable="gallery" />
    <item component="ComponentInfo{com.sec.android.gallery3d/com.sec.android.gallery3d.app.GalleryActivity}" drawable="gallery" />
    <item component="ComponentInfo{com.android.htccontacts/com.android.htccontacts.BrowseLayerCarouselActivity}" drawable="contacts" />
    <item component="ComponentInfo{com.android.htccontacts/com.android.htccontacts.ContactsSearch}" drawable="phone" />
    <item component="ComponentInfo{com.android.htccontacts/com.android.htccontacts.ContactsTabActivity}" drawable="phone" />
    <item component="ComponentInfo{com.android.htccontacts/com.android.htccontacts.DialerTabActivity}" drawable="phone" />
    <item component="ComponentInfo{com.android.htcdialer/com.android.htcdialer.Dialer}" drawable="phone" />
    <item component="ComponentInfo{com.android.keepass/com.android.keepass.KeePass}" drawable="keeppassdroid" />
    <item component="ComponentInfo{com.android.mms/com.android.mms.ui.ConversationComposer}" drawable="sms" />
    <item component="ComponentInfo{com.android.mms/com.android.mms.ui.ConversationList}" drawable="sms" />
    <item component="ComponentInfo{com.android.mms/com.android.mms.ui.MessageTabActivity}" drawable="sms" />
    <item component="ComponentInfo{com.android.mms/com.android.mms.ui.VoiceMailTabActivity}" drawable="voicemail" />
    <item component="ComponentInfo{com_android_music_activitymanagement_toplevelactivity}" drawable="music" />
    <item component="ComponentInfo{com.android.music.activitymanagement.TopLevelActivity}" drawable="music" />
    <item component="ComponentInfo{com.android.music/com.android.music.list.activity.MpMainTabActivity}" drawable="music" />
    <item component="ComponentInfo{com.android.music/com.android.music.MusicBrowserActivity}" drawable="music" />
    <item component="ComponentInfo{com.android.music/com.android.music.MusicBrowserTabActivity}" drawable="music" />
    <item component="ComponentInfo{com.android.phone/com.android.phone.DialerSClass}" drawable="phone" />
    <item component="ComponentInfo{com.android.phone/com.android.phone.DialtactsCallLogActivity}" drawable="phone" />
    <item component="ComponentInfo{com.android.phone/com.android.phone.DialtactsContactsEntryActivity}" drawable="phone" />
    <item component="ComponentInfo{com.android.phone/com.android.phone.firewall.PhoneFireWall}" drawable="phone" />
    <item component="ComponentInfo{com.android.phone/com.android.phone.LaunchCallInterface}" drawable="phone" />
    <item component="ComponentInfo{com.android.phone/com.android.phone.LaunchRecentCallsActivity}" drawable="phone" />
    <item component="ComponentInfo{com.android.phone/com.android.phone.RecentCallsListActivity}" drawable="phone" />
    <item component="ComponentInfo{com.android.phone/com.android.phone.Settings}" drawable="phone" />
    <item component="ComponentInfo{com.android.phone/com.android.phone.TwDialer}" drawable="phone" />
    <item component="ComponentInfo{com.android.providers.downloads.ui/com.android.providers.downloads.ui.DownloadList}" drawable="downloads" />
    <item component="ComponentInfo{com.android.providers.downloads.ui/com.android.providers.downloads.ui.DownloadsListTab}" drawable="downloads" />
    <item component="ComponentInfo{com.android.providers.downloads.ui/com.android.providers.downloads.ui.DownloadTabActivity}" drawable="downloads" />
    <item component="ComponentInfo{com.android.quicksearchbox/com.android.quicksearchbox.searchactivity}" drawable="search" />
    <item component="ComponentInfo{com.android.settings/com_android_settings_applicationsettings}" drawable="apps" />
    <item component="ComponentInfo{com.android.settings/com.android.settings.ApplicationSettings}" drawable="apps" />
    <item component="ComponentInfo{com.android.settings/com.android.settings.framework.activity.HtcSettings}" drawable="settings" />
    <item component="ComponentInfo{com.android.settings/com.android.settings.MainEntry}" drawable="settings" />
    <item component="ComponentInfo{com.android.settings/com.android.settings.MiuiPasswordGuardActivity}" drawable="settings" />
    <item component="ComponentInfo{com.android.settings/com.android.settings.MiuiSettings}" drawable="settings" />
    <item component="ComponentInfo{com.android.settings/com.android.settings.Settings}" drawable="settings" />
    <item component="ComponentInfo{com.android.settings/com.android.settings.TetherSettingsActivity}" drawable="settings" />
    <item component="ComponentInfo{com.android.settings/com.android.settings.TetherSettings}" drawable="settings" />
    <item component="ComponentInfo{com.android.settings/com.android.settings.TetherSettingsWifi}" drawable="settings" />
    <item component="ComponentInfo{com.android.soundrecorder/com.android.soundrecorder.AsusRecorder}" drawable="soundrecorder" />
    <item component="ComponentInfo{com.android.soundrecorder/com.android.soundrecorder.RecorderActivity}" drawable="soundrecorder" />
    <item component="ComponentInfo{com.android.soundrecorder/com.android.soundrecorder.Sound}" drawable="soundrecorder" />
    <item component="ComponentInfo{com.android.soundrecorder/com.android.soundrecorder.SoundRecorder}" drawable="soundrecorder" />
    <item component="ComponentInfo{com.android.soundrecorder/com.android.soundrecorder.SoundRecorderLauncher}" drawable="soundrecorder" />
    <item component="ComponentInfo{com.android.soundrecorder/com.android.soundrecorder.SoundRecorderTab}" drawable="soundrecorder" />
    <item component="ComponentInfo{com.android.systemui/com.android.systemui.TorchActivity}" drawable="torch" />
    <item component="ComponentInfo{com.android.task/com.android.task.TaskLaunchActivity}" drawable="tasks" />
    <item component="ComponentInfo{com.android.videoeditor/com.android.videoeditor.EffectsActivity}" drawable="moviestudio" />
    <item component="ComponentInfo{com.android.videoeditor/com.android.videoeditor.OverlayTitleEditor}" drawable="moviestudio" />
    <item component="ComponentInfo{com.android.videoeditor/com.android.videoeditor.OverlayTitleTemplatePicker}" drawable="moviestudio" />
    <item component="ComponentInfo{com.android.videoeditor/com_android_videoeditor_projectsactivity}" drawable="moviestudio" />
    <item component="ComponentInfo{com.android.videoeditor/com.android.videoeditor.ProjectsActivity}" drawable="moviestudio" />
    <item component="ComponentInfo{com.android.videoeditor/com.android.videoeditor.ProjectsActivity}" drawable="videoeditor" />
    <item component="ComponentInfo{com.android.videoeditor/com.android.videoeditor.TransitionsActivity}" drawable="movie_studio" />
    <item component="ComponentInfo{com.android.videoeditor/com.android.videoeditor.VideoEditorActivity}" drawable="moviestudio" />
    <item component="ComponentInfo{com.android.videoeditor/com_android_videoeditor.VideoEditorActivity}" drawable="videoeditor" />
    <item component="ComponentInfo{com.android.voicedialer/com.android.voicedialer.BluetoothVoiceDialerActivity}" drawable="voicedial" />
    <item component="ComponentInfo{com.android.voicedialer/com.android.voicedialer.SelectorActivity}" drawable="voicedial" />
    <item component="ComponentInfo{com.android.voicedialer/com.android.voicedialer.VoiceDialerActivity}" drawable="voicedial" />
    <item component="ComponentInfo{com.android.voicedialer/com.android.voicedialer.VoiceDialerLauncherActivity}" drawable="voicedial" />
    <item component="ComponentInfo{com.android.voicedialer/com.android.voicedialer.VoiceDialerSelectActivity}" drawable="voicedial" />
    <item component="ComponentInfo{com.cellmania.android.storefront.webview.vmu/com.cellmania.android.storefront.webview.vmu.CM_WebView_StorefrontActivity}" drawable="downloads" />
    <item component="ComponentInfo{com.colinmcdonough.android.torch/com.colinmcdonough.android.torch.Torch}" drawable="torch" />
    <item component="ComponentInfo{com.convertpad.mobile.android.wt.unit/com.convertpad.mobile.android.wt.unit.UnitActivity}" drawable="convertpad" />
    <item component="ComponentInfo{com.cooliris.media/com.cooliris.media.Gallery}" drawable="gallery" />
    <item component="ComponentInfo{com.cyngn.gallerynext/com.cyngn.gallerynext.app.GalleryActivity}" drawable="gallery" />
    <item component="ComponentInfo{com.cyanogenmod.filemanager/com.cyanogenmod.filemanager.activities.NavigationActivity}" drawable="cm_filemanager" />
    <item component="ComponentInfo{com.cyanogenmod.filemanager/com.cyanogenmod.filemanager.activities.NavigationActivity}" drawable="cm_filemanager" />
    <item component="ComponentInfo{com.cyanogenmod.filemanager/com.cyanogenmod.filemanager/com.cyanogenmod.filemanager.themes.ThemeActivity}" drawable="cm_filemanager" />
    <item component="ComponentInfo{com.goodreads/com.goodreads.android.activity.MainMenuActivity}" drawable="goodreads" />
    <item component="ComponentInfo{com.google.android.apps.authenticator2/com.google.android.apps.authenticator.AuthenticatorActivity}" drawable="googleauthenticator" />
    <item component="ComponentInfo{com.google.android.apps.books/com.google.android.apps.books.app.BooksActivity}" drawable="googlebooks" />
    <item component="ComponentInfo{com.google.android.apps.books/com.google.android.apps.books.app.HomeActivity}" drawable="googlebooks" />
    <item component="ComponentInfo{com.google.android.apps.chrometophone/com.google.android.apps.chrometophone.HistoryActivity}" drawable="chrometophone" />
    <item component="ComponentInfo{com.google.android.apps.currents/com.google.apps.dots.android.app.activity.CurrentsStartActivity}" drawable="googlecurrents" />
    <item component="ComponentInfo{com.google.android.apps.docs/com.google.android.apps.docs.app.NewMainProxyActivity}" drawable="googledrive" />
    <item component="ComponentInfo{com.google.android.apps.finance/com.google.android.apps.finance.HomeActivity}" drawable="googlefinance" />
    <item component="ComponentInfo{com.google.android.apps.genie.geniewidget/com.google.android.apps.genie.geniewidget.activities.NewsActivity}" drawable="news" />
    <item component="ComponentInfo{com.google.android.apps.googlevoice/com.google.android.apps.googlevoice.SplashActivity}" drawable="googlevoice" />
    <item component="ComponentInfo{com.google.android.apps.magazines/com.google.apps.dots.android.app.activity.CurrentsStartActivity}" drawable="playmagazines" />
    <item component="ComponentInfo{com.google.android.apps.maps/com.google.android.maps.MapsActivity}" drawable="googlemaps" />
    <item component="ComponentInfo{com.google.android.apps.maps/com.google.android.maps.PlacesActivity}" drawable="places" />
    <item component="ComponentInfo{com.google.android.apps.plus/com.google.android.apps.circles.realtimechat.ConversationListActivity}" drawable="googlepluschat" />
    <item component="ComponentInfo{com.google.android.apps.plus/com.google.android.apps.plusone.app.HomeScreenActivity}" drawable="googleplus" />
    <item component="ComponentInfo{com.google.android.apps.plus/com.google.android.apps.plus.pho}" drawable="googleplusphotos" />
    <item component="ComponentInfo{com.google.android.apps.plus/com.google.android.apps.plus.phone.ConversationListActivity}" drawable="googleplus" />
    <item component="ComponentInfo{com.google.android.apps.plus/com.google.android.apps.plus.phone.ConversationListActivity}" drawable="googlepluschat" />
    <item component="ComponentInfo{com.google.android.apps.plus/com.google.android.apps.plus.phone.HomeActivity}" drawable="googleplus" />
    <item component="ComponentInfo{com.google.android.apps.plus/com.google.android.apps.plus.phone.HomeActivity}" drawable="googleplus" />
    <item component="ComponentInfo{com.google.android.apps.plus/com.google.android.apps.plus.phone.InviteContactActivity}" drawable="googleplus" />
    <item component="ComponentInfo{com.google.android.apps.plus/com.google.android.apps.plus.phone.PhotoOneUpActivity}" drawable="googleplus" />
    <item component="ComponentInfo{com.google.android.apps.plus/com.google.android.apps.plus.phone.ProfilActionGatewayActivity}" drawable="googleplus" />
    <item component="ComponentInfo{com.google.android.apps.plus/com.google.android.apps.plus.phone.settings.SettingsActivity}" drawable="googleplus" />
    <item component="ComponentInfo{com.google.android.apps.plus/com.google.android.apps.plus.phone.SignOnActivity}" drawable="googleplus" />
    <item component="ComponentInfo{com.google.android.apps.plus/com.google.android.apps.plus.phone.StreamOneUpActivity}" drawable="googleplus" />
    <item component="ComponentInfo{com.google.android.apps.plus/com.google.android.apps.plus.phone.ViewCircleActivity}" drawable="googleplus" />
    <item component="ComponentInfo{com.google.android.apps.plus/com.google.android.apps.plus.phone.ViewStreamItemActivity}" drawable="googleplus" />
    <item component="ComponentInfo{com.google.android.apps.plus/com.google.android.apps.plus.phone.ViewStreamItemPhotoActivity}" drawable="googleplus" />
    <item component="ComponentInfo{com.google.android.apps.plus/com.google.android.apps.plus.settings.SettingsActivity}" drawable="googleplus" />
    <item component="ComponentInfo{com.google.android.apps.plus/com.google.android.apps.plus.widget.EsWidgetConfigurationActivity}" drawable="googleplus" />
    <item component="ComponentInfo{com.google.android.apps.reader/com.google.android.apps.reader.app.StreamListActivity}" drawable="googlereader" />
    <item component="ComponentInfo{com.google.android.apps.shopper/com.google.android.apps.shopper.home.HomeActivity}" drawable="googleshopper" />
    <item component="ComponentInfo{com.google.android.apps.unveil/com.google.android.apps.unveil.SearchHistoryActivity}" drawable="googlegoggles" />
    <item component="ComponentInfo{com.google.android.apps.walletnfcrel/com.google.android.apps.wallet.WalletRootActivity}" drawable="googlewallet" />
    <item component="ComponentInfo{com.google.android.browser/com.android.browser.BrowserActivity}" drawable="browser" />
    <item component="ComponentInfo{com.google.android.calendar/com.android.calendar.AllInOneActivity}" drawable="calendar" />
    <item component="ComponentInfo{com.google.android.calendar/com.android.calendar.HtcCalendarProvider}" drawable="calendar" />
    <item component="ComponentInfo{com.google.android.calendar/com.android.calendar.LaunchActivity}" drawable="calendar" />
    <item component="ComponentInfo{com.google.android.chess/com.google.android.chess.Chess}" drawable="chess" />
    <item component="ComponentInfo{com.google.android/com.google.android.music.MusicBrowserActivity}" drawable="music" />
    <item component="ComponentInfo{com.google.android.music/com.android.music.activitymanagement.TopLevelActivity}" drawable="music" />    
    <item component="ComponentInfo{com.google.android.deskclock/com.android.deskclock.DeskClock}" drawable="clock" />
    <item component="ComponentInfo{com.google.android.email/com.android.email.activity.Welcome}" drawable="email" />
    <item component="ComponentInfo{com.google.android.gallery3d/com.android.gallery3d.app.Gallery}" drawable="gallery" />
    <item component="ComponentInfo{com.google.android.gallery3d/com.cooliris.media.Gallery}" drawable="gallery" />
    <item component="ComponentInfo{com.google.android.gm/com.google.android.gm.AutoSendActivity}" drawable="gmail" />
    <item component="ComponentInfo{com.google.android.gm/com.google.android.gm.ComposeActivityGmail}" drawable="gmail" />
    <item component="ComponentInfo{com.google.android.gm/com.google.android.gm.ConversationListActivityGmail}" drawable="gmail" />
    <item component="ComponentInfo{com.google.android.gm/com.google.android.gm.GmailActivity}" drawable="gmail" />
    <item component="ComponentInfo{com.google.android.gm/com.google.android.gm.MailboxSelectionActivity}" drawable="gmail" />
    <item component="ComponentInfo{com.google.android.gm/com.google.android.gm.MailboxSelectionActivityGoogleMail}" drawable="gmail" />
    <item component="ComponentInfo{com.google.android.gm/com.google.android.gm.Preference.GmailPreferenceActivity}" drawable="gmail" />
    <item component="ComponentInfo{com.google.android.googlequicksearchbox/com.google.android.googlequicksearchbox.SearchActivity}" drawable="googlesearch" />
    <item component="ComponentInfo{com.google.android.googlequicksearchbox/com.google.android.googlequicksearchbox.VoiceSearchActivity}" drawable="google_search" />
    <item component="ComponentInfo{com.google.android.googlequicksearchbox/com.google.android.googlequicksearchbox.VoiceSearchActivity}" drawable="voicesearch" />
    <item component="ComponentInfo{com.google.android.maps.mytracks/com.google.android.apps.mytracks.TrackListActivity}" drawable="mytracks" />
    <item component="ComponentInfo{com.google.android.music/com_android_music_activitymanagement_toplevelactivity}" drawable="music" />
    <item component="ComponentInfo{com.google.android.music/com.android.music.activitymanagement.TopLevelActivity}" drawable="music" />
    <item component="ComponentInfo{com.google.android.music/com.android.music.activitymanagement.TopLevelActivity}" drawable="music" />
    <item component="ComponentInfo{com.google.android.stardroid/com.google.android.stardroid.activities.SplashScreenActivity}" drawable="googleskymap" />
    <item component="ComponentInfo{com.google.android.videoeditor/com.android.videoeditor.ProjectsActivity}" drawable="moviestudio" />
    <item component="ComponentInfo{com.google.android.videos/com.google.android.youtube.videos.EntryPoint}" drawable="playmovies" />
    <item component="ComponentInfo{com.google.android.videos/com.google.android.youtube.videos.honeycomb.VideosActivity}" drawable="playmovies" />
    <item component="ComponentInfo{com.google.android.voicesearch/com.google.android.voicesearch.performanceanalysis.LogFilesViewer}" drawable="voicesearch" />
    <item component="ComponentInfo{com.google.android.voicesearch/com.google.android.voicesearch.RecognitionActivity}" drawable="voicesearch" />
    <item component="ComponentInfo{com.google.android.voicesearch/com.google.android.voicesearch.RecognitionActivityReal}" drawable="voicesearch" />
    <item component="ComponentInfo{com.google.android.youtube/com.google.android.youtube.app.froyo.phone.HomeActivity}" drawable="youtube" />
    <item component="ComponentInfo{com.google.android.youtube/com.google.android.youtube.app.honeycomb.Shell$HomeActivity}" drawable="youtube" />
    <item component="ComponentInfo{com.google.android.youtube/com.google.android.youtube.app.tablet.HomeActivity}" drawable="youtube" />
    <item component="ComponentInfo{com.google.android.youtube/com.google.android.youtube.HomeActivity}" drawable="youtube" />
    <item component="ComponentInfo{com.google.android.youtube/com.google.android.youtube.HomePage}" drawable="youtube" />
    <item component="ComponentInfo{com.google.earth/com.google.earth.EarthActivity}" drawable="googleearth" />
    <item component="ComponentInfo{com.google.earth/com.google.earth.MainActivity}" drawable="googleearth" />
    <item component="ComponentInfo{com.lge.voicerecorder/com.lge.voicerecorder.VoiceRecorder}" drawable="voicerecorder" />
    <item component="ComponentInfo{com.qo.android.am3/com.qo.android.quickoffice.QuickofficeDispatcher}" drawable="quickoffice" />
    <item component="ComponentInfo{com.sec.android.app.calculator/com.sec.android.app.calculator.Calculator}" drawable="calculator" />
    <item component="ComponentInfo{com.sec.android.app.clockpackage/com.sec.android.app.clockpackage.ClockPackage}" drawable="clock" />
    <item component="ComponentInfo{com.sec.android.app.dialertab/com.sec.android.app.dialertab.DialerTabActivity}" drawable="phone" />
    <item component="ComponentInfo{com.sec.android.app.dlna/com.sec.android.app.dlna.ui.PresetModeActivityTab}" drawable="allshareplay" />
    <item component="ComponentInfo{com.sec.android.app.gamehub/com.sec.android.app.gamehub.Gamehub}" drawable="gamehub" />
    <item component="ComponentInfo{com.sec.android.app.memo/com.sec.android.app.memo.Memo}" drawable="memo" />
    <item component="ComponentInfo{com.sec.android.app.music/com.sec.android.app.music.list.activity.MpMainTabActivity}" drawable="music" />
    <item component="ComponentInfo{com.sec.android.app.music/com.sec.android.app.music.MusicActionTabActivity}" drawable="musicplayer" />
    <item component="ComponentInfo{com.sec.android.app.music/com.sec.android.app.music.MusicBrowserTabActivity}" drawable="music" />
    <item component="ComponentInfo{com.sec.android.app.myfiles/com.sec.android.app.myfiles.MainActivity}" drawable="filemanager" />
    <item component="ComponentInfo{com.sec.android.app.popupcalculator/com.sec.android.app.popupcalculator.Calculator}" drawable="calculator" />
    <item component="ComponentInfo{com.sec.android.app.ve/com.sec.android.app.ve.activity.ProjectListActivity}" drawable="videomaker" />
    <item component="ComponentInfo{com.sec.android.app.videoplayer/com.sec.android.app.videoplayer.activity.MainTab}" drawable="videos" />
    <item component="ComponentInfo{com.sec.android.app.videoplayer/com.sec.android.app.videoplayer.activity.VideoList}" drawable="videos" />
    <item component="ComponentInfo{com.sec.android.app.voicerecorder/com.sec.android.app.voicerecorder.VoiceRecorderMainActivity}" drawable="voicerecorder" />
    <item component="ComponentInfo{com.sec.android.gallery3d/com.sec.android.gallery3d.app.Gallery}" drawable="gallery" />
    <item component="ComponentInfo{factory.widgets.recentapps/factory.widgets.recentapps.RecentAppsConfig}" drawable="recent" />
    <item component="ComponentInfo{factory.widgets.recentapps/factory.widgets.recentapps.RecentApps}" drawable="recent" />
    <item component="ComponentInfo{net.cactii.flash2/net.cactii.flash2.MainActivity}" drawable="torch" />
    <item component="ComponentInfo{net.cactii.flash2/net.cactii.flash2.TorchWidgetProvider}" drawable="torch" />
    <item component="ComponentInfo{org.openintents.cmfilemanager/org.openintents.cmfilemanager.FileManagerActivity}" drawable="filemanager" />
    <item component="ComponentInfo{your.yuvalluzon.flashlight/your.yuvalluzon.flashlight.YourFlashlightActivity}" drawable="torch" />
    <item component="ComponentInfo{com.cyanogenmod.filemanager/com.cyanogenmod.filemanager.activities.NavigationActivity}" drawable="cm_filemanager" />
    <item component="ComponentInfo{com.google.android.talk/com.google.android.talk.SigningInActivity}" drawable="googlehangouts" />
    <item component="ComponentInfo{com.google.android.apps.adm/com.google.android.apps.adm.MainActivity}" drawable="devicemanager" />
    <item component="ComponentInfo{com.google.android.apps.docs/com.google.android.apps.docs.app.NewMainActivity}" drawable="googledrive" />
    <item component="ComponentInfo{com.android.incallui}" drawable="phone" />
    <item component="ComponentInfo{com.android.incallui/com.android.incallui.help.VoiceAndVideoCallTutorial}" drawable="phone" />
    <item component="ComponentInfo{com.android.phone}" drawable="phone" />
    <item component="ComponentInfo{com.android.phone/com.android.phone.help.callsettings.CallSettingsActivity}" drawable="phone" />
    <item component="ComponentInfo{com.android.phone/com.android.phone.ManualSystemAviodance}" drawable="phone" />
    <item component="ComponentInfo{com.android.phone/com.android.phone.CurrentNetwork}" drawable="phone" />
    <item component="ComponentInfo{com.android.phone/com.android.phone.CurrentNetworkGsm}" drawable="phone" />
    <item component="ComponentInfo{com.android.phone/com.android.phone.InternationalRoamingSetting" drawable="phone" />
    <item component="ComponentInfo{com.android.phone/com.android.phone.NetworkSelection" drawable="phone" />
    <item component="ComponentInfo{com.android.phone/com.android.phone.EmergencyDialer" drawable="phone" />
    <item component="ComponentInfo{com.android.phone/com.android.phone.EmergencyCallList" drawable="phone" />
    <item component="ComponentInfo{com.android.phone/com.android.phone.SimContacts" drawable="phone" />
    <item component="ComponentInfo{com.android.phone/com.android.phone.FdnList" drawable="phone" />
    <item component="ComponentInfo{com.android.phone/com.android.phone.OutgoingCallBroadcaster" drawable="phone" />
    <item component="ComponentInfo{com.android.phone/com.android.phone.EmergencyOutgoingCallBroadcaster" drawable="phone" />
    <item component="ComponentInfo{com.android.phone/com.android.phone.PrivilegedOutgoingCallBroadcaster" drawable="phone" />
    <item component="ComponentInfo{com.android.phone/com.android.phone.InCallScreenShowActivation" drawable="phone" />
    <item component="ComponentInfo{com.android.phone/com.android.phone.IMSConferenceCallActivity" drawable="phone" />
    <item component="ComponentInfo{com.android.phone/com.android.phone.LGTUwaVideoCall" drawable="phone" />
    <item component="ComponentInfo{com.android.phone/com.android.phone.PhotoRingScreen" drawable="phone" />
    <item component="ComponentInfo{com.android.phone/com.android.phone.RejectCallWithMsg" drawable="phone" />
    <item component="ComponentInfo{com.android.phone/com.android.phone.MobileNetworkSettings" drawable="phone" />
    <item component="ComponentInfo{com.android.phone/com.android.phone.MobileNetworkSettingsTab" drawable="phone" />
    <item component="ComponentInfo{com.android.phone/com.android.phone.NetworkSettings" drawable="phone" />
    <item component="ComponentInfo{com.android.phone/com.android.phone.GsmUmtsOptions" drawable="phone" />
    <item component="ComponentInfo{com.android.phone/com.android.phone.CmdaOptions" drawable="phone" />
    <item component="ComponentInfo{com.android.phone/com.android.phone.GsmUmtsCallOptions" drawable="phone" />
    <item component="ComponentInfo{com.android.phone/com.android.phone.CmdaCallOptions" drawable="phone" />
    <item component="ComponentInfo{com.android.phone/com.android.phone.GsmUmtsCallForwardOptions" drawable="phone" />
    <item component="ComponentInfo{com.android.phone/com.android.phone.GsmUmtsAdditionalCallOptions" drawable="phone" />
    <item component="ComponentInfo{com.android.phone/com.android.phone.CellBroadcastSms" drawable="phone" />
    <item component="ComponentInfo{com.android.phone/com.android.phone.CmdaAdditionalCallOptions" drawable="phone" />
    <item component="ComponentInfo{com.android.phone/com.android.phone.CallFeaturesSetting" drawable="phone" />
    <item component="ComponentInfo{com.android.phone/com.android.phone.VoicemailNumberFragment" drawable="phone" />
    <item component="ComponentInfo{com.android.phone/com.android.phone.EmergencyCallbackModeExitDialog" drawable="phone" />
    <item component="ComponentInfo{com.android.phone/com.android.phone.PhoneNumberLocator" drawable="phone" />
    <item component="ComponentInfo{com.android.phone/com.android.phone.sip.SipSettings" drawable="phone" />
    <item component="ComponentInfo{com.android.phone/com.android.phone.ResponsViaSmsManager$Settings" drawable="phone" />
    <item component="ComponentInfo{com.android.phone/com.android.phone.callsettings.AutoRejectList" drawable="phone" />
    <item component="ComponentInfo{com.android.phone/com.android.phone.callsettings.AutoRejectVideoCallList" drawable="phone" />
    <item component="ComponentInfo{com.android.phone/com.android.phone.callsettings.EditAutoRejectScreen" drawable="phone" />
    <item component="ComponentInfo{com.android.phone/com.android.phone.callsettings.EditAutoRejectVideoCallScreen" drawable="phone" />
    <item component="ComponentInfo{com.android.phone/com.android.phone.callsettings.RejectCallWithMsg" drawable="phone" />
    <item component="ComponentInfo{com.android.phone/com.android.phone.callsettings.EditRejectCallWithMsgScreen" drawable="phone" />
    <item component="ComponentInfo{com.android.phone/com.android.phone.callsettings.CallAlert" drawable="phone" />
    <item component="ComponentInfo{com.android.phone/com.android.phone.callsettings.AnsweringCall" drawable="phone" />
    <item component="ComponentInfo{com.android.phone/com.android.phone.callsettings.CallTypeSelectForForwarding" drawable="phone" />
    <item component="ComponentInfo{com.android.phone/com.android.phone.callsettings.CallTypeSelectForBarring" drawable="phone" />
    <item component="ComponentInfo{com.android.phone/com.android.phone.callsettings.AccessorySettings" drawable="phone" />
    <item component="ComponentInfo{com.android.phone/com.android.phone.callsettings.GsmUmtsVideoCallForwardOptions" drawable="phone" />
    <item component="ComponentInfo{com.android.phone/com.android.phone.callsettings.CallBarring" drawable="phone" />
    <item component="ComponentInfo{com.android.phone/com.android.phone.callsettings.PresetImage" drawable="phone" />
    <item component="ComponentInfo{com.android.phone/com.android.phone.callsettings.CaptureImageViewer" drawable="phone" />
    <item component="ComponentInfo{com.android.phone/com.android.phone.external.HelpScreen" drawable="phone" />
    <item component="ComponentInfo{com.android.phone/com.android.phone.callsettings.SoundEQDialog" drawable="phone" />
    <item component="ComponentInfo{com.android.phone/com.android.phone.IncomingCallTutorialIncallScreen" drawable="phone" />
    <item component="ComponentInfo{com.android.phone/com.android.phone.RejectwithMessageTutorialIncallScreen" drawable="phone" />
    <item component="ComponentInfo{com.android.phone/com.android.phone.callsettings.OverturnTutorialIncallScreen" drawable="phone" />
    <item component="ComponentInfo{com.android.phone/com.android.phone.AirMotionTutorialIncallScreen" drawable="phone" />
    <item component="ComponentInfo{com.android.phone/com.android.phone.callsettings.IpCall" drawable="phone" />
    <item component="ComponentInfo{com.android.phone/com.android.phone.callsettings.IpCallCmda" drawable="phone" />
    <item component="ComponentInfo{com.android.phone/com.android.phone.callsettings.CallSettingsTabFragment" drawable="phone" />
    <item component="ComponentInfo{com.android.phone/com.android.phone.RoamingAutoDialMainActivity" drawable="phone" />
    <item component="ComponentInfo{com.android.phone/com.android.phone.RoamingAutoDialSubActivity" drawable="phone" />
    <item component="ComponentInfo{com.android.phone/com.android.phone.RoamingAutoDialSettings" drawable="phone" />
    <item component="ComponentInfo{com.android.phone/com.android.phone.RoamingAutoDialOption" drawable="phone" />
    <item component="ComponentInfo{com.android.phone/com.android.phone.Roaming" drawable="phone" />
    <item component="ComponentInfo{com.android.phone/com.android.phone.RoamingSettings" drawable="phone" />
    <item component="ComponentInfo{com.android.phone/com.android.phone.RoamingGuard" drawable="phone" />
    <item component="ComponentInfo{com.android.phone/com.android.phone.LGTCountryList" drawable="phone" />
    <item component="ComponentInfo{com.android.phone/com.android.phone.LGTSetAutoDialing" drawable="phone" />
    <item component="ComponentInfo{com.android.phone/com.android.phone.KTAddedServiceActivity" drawable="phone" />
    <item component="ComponentInfo{com.android.phone/com.android.phone.KTInboxActivity" drawable="phone" />
    <item component="ComponentInfo{com.android.phone/com.android.phone.KTCallForwardingConditional" drawable="phone" />
    <item component="ComponentInfo{com.android.phone/com.android.phone.KTCallForwardingAll" drawable="phone" />
    <item component="ComponentInfo{com.android.phone/com.android.phone.KTCallWaiting" drawable="phone" />
    <item component="ComponentInfo{com.android.phone/com.android.phone.CallSoundPrefernce" drawable="phone" />
    <item component="ComponentInfo{com.android.phone/com.android.phone.Enhanced4GLTE" drawable="phone" />    
    <item component="ComponentInfo{com.google.android.launcher/com.google.android.launcher.StubApp}" drawable="gel" />
    <item component="ComponentInfo{com.google.android.gm/com.google.android.gm.ConversationListActivityGmail}" drawable="gmail" />
    <item component="ComponentInfo{com.google.android.gm/com.google.android.gm.AutoSendActivity}" drawable="gmail" />
    <item component="ComponentInfo{com.google.android.gm/com.google.android.gm.GmailActivity}" drawable="gmail" />
    <item component="ComponentInfo{com.google.android.gm/com.google.android.gm.ComposeActivityGmail}" drawable="gmail" />
    <item component="ComponentInfo{com.google.android.gm/com.google.android.gm.Preference.GmailPreferenceActivity}" drawable="gmail" />
    <item component="ComponentInfo{com.google.android.gm/com.google.android.gm.MailboxSelectionActivity}" drawable="gmail" />
    <item component="ComponentInfo{com.google.android.gm/com.google.android.gm.MailboxSelectionActivityGoogleMail}" drawable="gmail" />
    <item component="ComponentInfo{com.google.android.talk/com.google.android.talk.SubscriptionScreen}" drawable="googlehangouts" />
    <item component="ComponentInfo{com.google.android.talk/com.google.android.talk.AccountSelectionInActivity}" drawable="googlehangouts" />
    <item component="ComponentInfo{com.google.android.talk/com.google.android.talk.AddBuddyScreen}" drawable="googlehangouts" />
    <item component="ComponentInfo{com.google.android.talk/com.google.android.talk.AddAccountActivity}" drawable="googlehangouts" />
    <item component="ComponentInfo{com.google.android.talk/com.google.android.talk.GTalkPreferencesActivity}" drawable="googlehangouts" />
    <item component="ComponentInfo{com.google.android.talk/com.google.android.talk.GroupChatInviteeList}" drawable="googlehangouts" />
    <item component="ComponentInfo{com.google.android.talk/com.google.android.talk.PublicIntentDispatcher}" drawable="googlehangouts" />
    <item component="ComponentInfo{com.google.android.talk/com.google.android.talk.PublicCallIntentDispatcher}" drawable="googlehangouts" />
    <item component="ComponentInfo{com.google.android.talk/com.google.android.talk.MessageCallIntentDispatcher}" drawable="googlehangouts" />
    <item component="ComponentInfo{com.google.android.talk/com.google.android.talk.SignoutActivity}" drawable="googlehangouts" />
    <item component="ComponentInfo{com.google.android.talk/com.google.android.talk.SigningInActivity}" drawable="googlehangouts" />
    <item component="ComponentInfo{com.google.android.talk/com.google.android.talk.GroupChatApproval}" drawable="googlehangouts" />
    <item component="ComponentInfo{com.google.android.talk/com.google.android.talk.SearchActivity}" drawable="googlehangouts" />
    <item component="ComponentInfo{com.google.android.talk/com.google.android.talk.VideoChat.VideoChatActivity}" drawable="googlehangouts" />
    <item component="ComponentInfo{com.google.android.apps.plus/com.google.android.apps.plusone.app.HomeScreenActivity}" drawable="googleplus" />
    <item component="ComponentInfo{com.google.android.apps.plus/com.google.android.apps.plus.phone.HomeActivity}" drawable="googleplus" />
    <item component="ComponentInfo{com.google.android.apps.plus/com.google.android.apps.plus.phone.StreamOneUpActivity}" drawable="googleplus" />
    <item component="ComponentInfo{com.google.android.apps.plus/com.google.android.apps.plus.phone.settings.SettingsActivity}" drawable="googleplus" />
    <item component="ComponentInfo{com.google.android.apps.plus/com.google.android.apps.plus.phone.PhotoOneUpActivity}" drawable="googleplus" />
    <item component="ComponentInfo{com.google.android.apps.plus/com.google.android.apps.plus.phone.SignOnActivity}" drawable="googleplus" />
    <item component="ComponentInfo{com.google.android.apps.plus/com.google.android.apps.plus.phone.ProfilActionGatewayActivity}" drawable="googleplus" />
    <item component="ComponentInfo{com.google.android.apps.plus/com.google.android.apps.plus.phone.ViewStreamItemActivity}" drawable="googleplus" />
    <item component="ComponentInfo{com.google.android.apps.plus/com.google.android.apps.plus.phone.ViewStreamItemPhotoActivity}" drawable="googleplus" />
    <item component="ComponentInfo{com.google.android.apps.plus/com.google.android.apps.plus.phone.ViewCircleActivity}" drawable="googleplus" />
    <item component="ComponentInfo{com.google.android.apps.plus/com.google.android.apps.plus.widget.EsWidgetConfigurationActivity}" drawable="googleplus" />
    <item component="ComponentInfo{com.google.android.apps.plus/com.google.android.apps.plus.settings.SettingsActivity}" drawable="googleplus" />
    <item component="ComponentInfo{com.google.android.apps.plus/com.google.android.apps.plus.phone.InviteContactActivity}" drawable="googleplus" />
    <item component="ComponentInfo{com.google.android.apps.plus/com.google.android.apps.plus.phone.ConversationListActivity}" drawable="google_plus_chat" />
    <item component="ComponentInfo{com.google.android.apps.plus/com.google.android.apps.circles.realtimechat.ConversationListActivity}" drawable="google_plus_chat" />
    <item component="ComponentInfo{com.google.android.apps.enterprise.cpanel/com.google.android.apps.enterprise.cpanel.activities.EntryPointActivity}" drawable="googleadmin" />
    <item component="ComponentInfo{com.google.android.apps.giant/com.google.android.apps.giant.activity.AnalyticsLaunchActivity}" drawable="googleanalytics" />
    <item component="ComponentInfo{com.google.android.apps.authenticator2/com.google.android.apps.authenticator.AuthenticatorActivity}" drawable="googleauth" />
    <item component="ComponentInfo{com.google.android.apps.chrometophone/com.google.android.apps.chrometophone.HistoryActivity}" drawable="chrometophone" />
    <item component="ComponentInfo{com.google.android.apps.currents/com.google.apps.dots.android.app.activity.CurrentsStartActivity}" drawable="googlecurrents" />
    <item component="ComponentInfo{com.google.android.apps.docs/com.google.android.apps.docs.app.NewMainProxyActivity}" drawable="googledrive" />
    <item component="ComponentInfo{com.google.earth/com.google.earth.EarthActivity}" drawable="googleearth" />
    <item component="ComponentInfo{com.google.earth/com.google.earth.MainActivity}" drawable="googleearth" />
    <item component="ComponentInfo{com.google.android.apps.finance/com.google.android.apps.finance.HomeActivity}" drawable="googlefinance" />
    <item component="ComponentInfo{com.google.android.apps.unveil/com.google.android.apps.unveil.SearchHistoryActivity}" drawable="googlegoggles" />
    <item component="ComponentInfo{com.google.android.apps.unveil/com.google.android.apps.unveil.CaptureActivity}" drawable="googlegoggles" />
    <item component="ComponentInfo{com.google.android.apps.maps/com.google.android.maps.MapsActivity}" drawable="googlemaps" />
    <item component="ComponentInfo{com.google.android.apps.maps/com.google.android.maps.PlacesActivity}" drawable="google_local" />
    <item component="ComponentInfo{com.google.android.apps.m4b/com.google.android.apps.m4b.ui.signin.SignInActivity}" drawable="googlemapsengine" />
    <item component="ComponentInfo{com.google.android.apps.offers/com.google.android.apps.offers.HomeActivity}" drawable="googleoffers" />
    <item component="ComponentInfo{com.quickoffice.android/com.google.android.apps.docs.quickoffice.HomeActivity}" drawable="quickoffice" />
    <item component="ComponentInfo{com.google.android.apps.paidtasks/com.google.android.apps.paidtasks.LaunchActivity}" drawable="googlerewards" />
    <item component="ComponentInfo{com.google.android.googlequicksearchbox/com.google.android.googlequicksearchbox.SearchActivity}" drawable="googlesearch" />
    <item component="ComponentInfo{com.google.android.googlequicksearchbox/com.google.android.googlequicksearchbox.VoiceSearchActivity}" drawable="voicesearch" />
    <item component="ComponentInfo{com.google.android.voicesearch/com.google.android.voicesearch.RecognitionActivity}" drawable="voicesearch" />
    <item component="ComponentInfo{com.google.android.voicesearch/com.google.android.voicesearch.RecognitionActivityReal}" drawable="voicesearch" />
    <item component="ComponentInfo{com.google.android.voicesearch/com.google.android.voicesearch.performanceanalysis.LogFilesViewer}" drawable="voicesearch" />
    <item component="ComponentInfo{com.google.android.stardroid/com.google.android.stardroid.activities.SplashScreenActivity}" drawable="googleskymaps" />
    <item component="ComponentInfo{com.google.android.apps.googlevoice/com.google.android.apps.googlevoice.SplashActivity}" drawable="googlevoice" />
    <item component="ComponentInfo{com.google.android.apps.walletnfcrel/com.google.android.apps.wallet.WalletRootActivity}" drawable="googlewallet" />    
    <item component="ComponentInfo{com.android.music/com.android.music.MusicBrowserActivity}" drawable="music" />
    <item component="ComponentInfo{com.google.android/com.google.android.music.MusicBrowserActivity}" drawable="music" />
    <item component="ComponentInfo{com.google.android.music/com.android.music.activitymanagement.TopLevelActivity}" drawable="music" />
    <item component="ComponentInfo{com.android.camera2/com.android.camera.CameraActivity}" drawable="cameranext" />    
    <item component="ComponentInfo{com.cyngn.cameranext/com.android.camera.CameraLauncher}" drawable="cameranext" />
    <item component="ComponentInfo{com.cyngn.cameranext/com.android.camera.Camera}" drawable="cameranext" />
    <item component="ComponentInfo{com.google.android.apps.docs.editors.docs/com.google.android.apps.docs.app.NewMainProxyActivity}" drawable="google_docs" />
    <item component="ComponentInfo{com.google.android.apps.docs.editors.sheets/com.google.android.apps.docs.app.NewMainProxyActivity}" drawable="google_sheets" />
    <item component="ComponentInfo{com.google.android.dialer/com.google.android.dialer.extensions.GoogleDialtactsActivity}" drawable="phone" />
    <item component="ComponentInfo{com.google.android.dialer/com.google.android.dialer.DialtactsCallLogActivity}" drawable="phone" />
    <item component="ComponentInfo{com.google.android.dialer/com.google.android.dialer.DialtactsContactsEntryActivity}" drawable="phone" />
    <item component="ComponentInfo{com.google.android.dialer/com.google.android.dialer.firewall.PhoneFireWall}" drawable="phone" />
    <item component="ComponentInfo{com.google.android.dialer/com.google.android.dialer.LaunchCallInterface}" drawable="phone" />
    <item component="ComponentInfo{com.google.android.dialer/com.google.android.dialer.LaunchRecentCallsActivity}" drawable="phone" />
    <item component="ComponentInfo{com.google.android.dialer/com.google.android.dialer.RecentCallsListActivity}" drawable="phone" />
    <item component="ComponentInfo{com.google.android.dialer/com.google.android.dialer.Settings}" drawable="phone" />
    <item component="ComponentInfo{com.google.android.dialer/com.google.android.dialer.TwDialer}" drawable="phone" />
    <item component="ComponentInfo{com.google.android.apps.plus/com.google.android.apps.plus.phone.OobProfilePhotoActivity}" drawable="googleplusphotos" />    
    <item component="ComponentInfo{com.google.android.apps.plus/com.google.android.apps.plus.phone.AddProfilePhotoSpringboardActivity}" drawable="googleplusphotos" />    
    <item component="ComponentInfo{com.google.android.apps.plus/com.google.android.apps.plus.phone.PhotosLauncherActivity}" drawable="googleplusphotos" />    
    <item component="ComponentInfo{com.google.android.apps.plus/com.google.android.apps.plus.phone.PhotosHomeActivity}" drawable="googleplusphotos" />    
    <item component="ComponentInfo{com.google.android.apps.plus/com.google.android.apps.plus.phone.PhotosIntroActivity}" drawable="googleplusphotos" />    
    <item component="ComponentInfo{com.google.android.apps.plus/com.google.android.apps.plus.phone.GetContentActivity}" drawable="googleplusphotos" />    
    <item component="ComponentInfo{com.google.android.apps.plus/com.google.android.apps.plus.phone.GetLocalAutoAwesomeMovieActivity}" drawable="googleplusphotos" />    
    <item component="ComponentInfo{com.google.android.apps.plus/com.google.android.apps.plus.phone.SendContentActivity}" drawable="googleplusphotos" />    
    <item component="ComponentInfo{com.google.android.apps.plus/com.google.android.apps.plus.phone.SetWallpaperActivity}" drawable="googleplusphotos" />    
    <item component="ComponentInfo{com.google.android.apps.plus/com.google.android.apps.plus.phone.PhotoEventActivity}" drawable="googleplusphotos" />    
    <item component="ComponentInfo{com.google.android.apps.plus/com.google.android.apps.plus.phone.PhotoStreamOneUpActivity}" drawable="googleplusphotos" />    
    <item component="ComponentInfo{com.google.android.apps.plus/com.google.android.apps.plus.phone.PhotoHostInviteeListActivity}" drawable="googleplusphotos" />    
    <item component="ComponentInfo{com.google.android.apps.plus/com.google.android.apps.plus.phone.PhotoTileSearchActivity}" drawable="googleplusphotos" />    
    <item component="ComponentInfo{com.google.android.apps.plus/com.google.android.apps.plus.phone.HostStreamPhotoPagerActivity}" drawable="googleplusphotos" />    
    <item component="ComponentInfo{com.google.android.apps.plus/com.google.android.apps.photos.viewerpager.HostPhotoPagerActivity}" drawable="googleplusphotos" />    
    <item component="ComponentInfo{com.google.android.apps.plus/com.google.android.apps.plus.phone.HostPhotoViewIntentPhotoTileSearchActivity}" drawable="googleplusphotos" />    
    <item component="ComponentInfo{com.google.android.apps.plus/com.google.android.apps.plus.settings.AccountManagementPhotosActivity}" drawable="googleplusphotos" />    
    <item component="ComponentInfo{com.google.android.apps.plus/com.google.android.apps.photoeditor.fragments.PhotoEditorActivity}" drawable="googleplusphotos" />    
    <item component="ComponentInfo{com.google.android.apps.plus//com.google.android.apps.photoeditor.fragments.PlusCropActivity}" drawable="googleplusphotos" />    
    <item component="ComponentInfo{com.kingpoint.gmcchh/com.kingpoint.gmcchh.ui.home.StartUpActivity}" drawable="gmcc" />
    <item component="ComponentInfo{com.lbe.security/com.lbe.security.ui.SplashActivity}" drawable="lbe" />
    <item component="ComponentInfo{cn.nubia.camera/cn.nubia.camera.CameraLauncher}" drawable="nubia" />
    <item component="ComponentInfo{com.snda.wifilocating/com.snda.wifilocating.ui.activity.WelcomeActivity}" drawable="wifia" />
    <item component="ComponentInfo{com.oneplus.bbs/com.oneplus.bbs.ui.LaunchActivity}" drawable="oneplus" />
    <item component="ComponentInfo{com.lgl.calendar/com.lgl.calendar.activity.LaunchActivity}" drawable="zozo" />
    <item component="ComponentInfo{com.icbc/com.icbc.activity.init.LoadingActivity}" drawable="icbc" />
    <item component="ComponentInfo{com.taobao.taobao/com.taobao.tao.welcome.Welcome}" drawable="taobao" />
    <item component="ComponentInfo{com.eg.android.AlipayGphone/com.eg.android.AlipayGphone.AlipayLogin}" drawable="zfb" />
    <item component="ComponentInfo{com.baidu.netdisk/com.baidu.netdisk.ui.Navigate}" drawable="baiduyun" />
    <item component="ComponentInfo{org.zwanoo.android.speedtest/com.jobernowl.MainActivity}" drawable="speedtest" />
    <item component="ComponentInfo{com.autonavi.minimap/com.autonavi.minimap.Splashy}" drawable="gaode" />
    <item component="ComponentInfo{com.UCMobile/com.UCMobile.SystemManageData.ManageDataActivity}" drawable="uc" />
    <item component="ComponentInfo{com.UCMobile/com.UCMobile.main.UCMobile}" drawable="uc" />
    <item component="ComponentInfo{com.tencent.mm/com.tencent.mm.ui.LauncherUI}" drawable="weixin" />
    <item component="ComponentInfo{com.iflytek.inputmethod/com.iflytek.inputmethod.LauncherActivity}" drawable="xf" />
    <item component="ComponentInfo{com.tencent.mobileqq/com.tencent.av.ui.VChatActivity}" drawable="qq" />
    <item component="ComponentInfo{com.jingdong.app.mall/com.jingdong.app.mall.MainActivity}" drawable="jd" />
    <item component="ComponentInfo{com.alensw.PicFolder/com.alensw.ui.activity.PathListActivity}" drawable="kt" />
    <item component="ComponentInfo{com.sina.weibo/com.sina.weibo.appmarket.sng.activity.SngMainActivity}" drawable="weibo" />
    <item component="ComponentInfo{com.appnow.flashalert/com.appnow.flashalert.MainActivity}" drawable="flashalert" />
    <item component="ComponentInfo{com.antutu.ABenchMark/com.antutu.ABenchMark.ABenchMarkStart}" drawable="antutu" />
    <item component="ComponentInfo{com.kugou.android/com.kugou.android.app.splash.SplashActivity}" drawable="kugou" />
    <item component="ComponentInfo{com.af.synapse/com.af.synapse.MainActivity}" drawable="synapse" />
    <item component="ComponentInfo{com.holiestar.flashoncall/com.holiestar.flashoncall.MainActivity}" drawable="flashoncall" />
    <item component="ComponentInfo{eu.chainfire.supersu/eu.chainfire.supersu.MainActivity-Emblem}" drawable="supersu" />
    <item component="ComponentInfo{eu.chainfire.supersu/eu.chainfire.supersu.MainActivity}" drawable="supersu" />
    <item component="ComponentInfo{eu.chainfire.supersu.pro/eu.chainfire.supersu.pro.MainActivity}" drawable="supersu" />
    <item component="ComponentInfo{eu.chainfire.supersu/eu.chainfire.supersu.MainActivity-Original}" drawable="supersu" />
    <item component="ComponentInfo{eu.chainfire.supersu/eu.chainfire.supersu.MainActivity-SuperAndy}" drawable="supersu" />
    <item component="ComponentInfo{eu.chainfire.supersu/eu.chainfire.supersu.MainActivity-Chip}" drawable="supersu" />
    <item component="ComponentInfo{eu.chainfire.supersu/eu.chainfire.supersu.MainActivity-SuperSU}" drawable="supersu" />
    <item component="ComponentInfo{eu.chainfire.supersu/eu.chainfire.supersu.MainActivity-Emblem}" drawable="supersu" />    
    <item component="ComponentInfo{com.noshufou.android.su/com.noshufou.android.su.Su}" drawable="supersu" />
    <item component="ComponentInfo{com.noshufou.android.su.elite/com.noshufou.android.su.elite.Home}" drawable="supersu" />
    <item component="ComponentInfo{com.noshufou.android.su.elite/com.noshufou.android.su.elite.FeaturedAppsActivity}" drawable="supersu" />
    <item component="ComponentInfo{com.lonelycatgames.Xplore/com.lonelycatgames.Xplore.Browser}" drawable="xplore_file_manager" />
    <item component="ComponentInfo{com.oasisfeng.greenify/com.oasisfeng.greenify.GreenifyActivity}" drawable="greenify" />
    <item component="ComponentInfo{com.oasisfeng.greenify.pro/com.oasisfeng.greenify.pro.Settings}" drawable="greenify" />
    <item component="ComponentInfo{com.mxtech.videoplayer.ad/com.mxtech.videoplayer.ad.ActivityVideoList}" drawable="mx_player" />
    <item component="ComponentInfo{com.mxtech.videoplayer.pro/com.mxtech.videoplayer.ActivityVideoList}" drawable="mx_player" />
    <item component="ComponentInfo{com.mxtech.videoplayer.pro/com.mxtech.videoplayer.ActivityMediaList}" drawable="mx_player" />
    <item component="ComponentInfo{com.mxtech.videoplayer.ad/com.mxtech.videoplayer.ad.ActivityMediaList}" drawable="mx_player" />
    <item component="ComponentInfo{com.vipercn.viper4android_v2/com.vipercn.viper4android_v2.activity.ViPER4Android}" drawable="viper" />
    <item component="ComponentInfo{org.zwanoo.android.speedtest/com.ookla.speedtest.softfacade.MainActivity}" drawable="speedtest" />
    <item component="ComponentInfo{org.zwanoo.android.speedtest/com.ookla.speedtest.softfacade.MainActivity}" drawable="speedtest" />
    <item component="ComponentInfo{tv.pps.mobile/tv.pps.mobile.WelcomeActivity}" drawable="aiqiyi" />
    <item component="ComponentInfo{com.youku.phone/com.youku.phone.ActivityWelcome}" drawable="youku" />
    <item component="ComponentInfo{com.sohu.inputmethod.sogou/com.sohu.inputmethod.sogou.SogouIMELauncher}" drawable="sougou" />
    <item component="ComponentInfo{com.android.mediacenter/com.android.mediacenter.PageActivity}" drawable="music" />
    <item component="ComponentInfo{com.mhuang.overclocking/com.mhuang.overclocking.Setcpu}" drawable="setcpu" />    
    <item component="ComponentInfo{com.mhuang.overclocking/com.mhuang.overclocking.PhoneMainActivity}" drawable="setcpu" />    
    <item component="ComponentInfo{com.mhuang.overclocking/com.mhuang.overclocking.IntroActivity}" drawable="setcpu" />    
    <item component="ComponentInfo{com.mhuang.overclocking/com.mhuang.overclocking.overclocking}" drawable="setcpu" />
    <item component="ComponentInfo{com.flavionet.android.camera.pro/com.flavionet.android.camera.pro.Main}" drawable="cameranext" />
    <item component="ComponentInfo{org.cyanogenmod.theme.chooser/org.cyanogenmod.theme.chooser.ChooserActivity}" drawable="theme_showcase" />
    <item component="ComponentInfo{eu.chainfire.supersu/eu.chainfire.supersu.MainActivity-Material}" drawable="supersu" />
    <item component="ComponentInfo{com.immomo.momo/com.immomo.momo.android.activity.WelcomeActivity}" drawable="momo" />
    <item component="ComponentInfo{com.cyngn.cameranextmod/com.android.camera.CameraLauncher}" drawable="cameranext"/>
    <item component="ComponentInfo{com.android.music/com.android.music.MusicBrowserActivity}" drawable="music" />
    <item component="ComponentInfo{com.google.android/com.google.android.music.MusicBrowserActivity}" drawable="music" />
    <item component="ComponentInfo{com.google.android.music/com.android.music.activitymanagement.TopLevelActivity}" drawable="music" />
    <item component="ComponentInfo{com.google.android.music/com.android.music.activitymanagement.TopLevelActivity}" drawable="music" />
    <item component="ComponentInfo{com.youyuan.yyhl/com.app.ui.activity.WelcomeActivity}" drawable="youyuan" />
    <item component="ComponentInfo{com.cyngn.maxxaudio/com.cyngn.maxxaudio.activity.ActivityMusic}" drawable="audiofx" />
    <item component="ComponentInfo{com.android.stk/com.android.stk.StkLauncherActivity}" drawable="simtoolkit" />
    <item component="ComponentInfo{com.android.stk/com.android.stk.StkLauncherActivity2}" drawable="simtoolkit" />
    <item component="ComponentInfo{com.android.stk/com.android.stk.StkLauncherActivityII}" drawable="simtoolkit" />
    <item component="ComponentInfo{com.android.stk/com.android.stk.StkMenuActivity}" drawable="simtoolkit" />
    <item component="ComponentInfo{com.heymiao.miao/com.heymiao.miao.activity.MainActivity}" drawable="miao" />
    <item component="ComponentInfo{com.tencent.qqpinyin/com.tencent.qqpinyin.activity.GuideDialogActivity}" drawable="qqpinyin" />
    <item component="ComponentInfo{com.zte.camera/com.zte.camera.CameraActivity}" drawable="nubia" />
    <item component="ComponentInfo{com.cyanogenmod.eleven/com.cyanogenmod.eleven.ui.activities.HomeActivity}" drawable="music" />
    <item component="ComponentInfo{com.oppo.camera/com.oppo.camera.Camera}" drawable="oppocamera"/>
    <item component="ComponentInfo{com.qiulianai.main/com.qiulianai.main.SplashActivity}" drawable="live"/>
    <item component="ComponentInfo{com.sds.android.ttpod/com.sds.android.ttpod.EntryActivity}" drawable="ttpod" />
</resources>